Title,URL,Summary,Entry_ID,Published_Date,Full_Content,Categories,Author,Keywords,Sentiment,Readability_Score,Engagement_Score,Processed,Engagement_Type,Response_Received
Boston Dynamics Led a Robot Revolution. Now Its Machines Are Teaching Themselves New Tricks,https://www.wired.com/story/boston-dynamics-led-a-robot-revolution-now-its-machines-are-teaching-themselves-new-tricks/,Boston Dynamics founder Marc Raibert says reinforcement learning is helping his creations gain more independence.,67bdd9552edc3e279907df55,"Wed, 26 Feb 2025 18:42:40 +0000",No Content,"Business, AI Hub, Business / Artificial Intelligence, AI Lab, robots, artificial intelligence, robotics, machine learning, deep learning",Will Knight,"Transformers, AI Ethics",Positive,43.23,865,True,Shared,Engaged
Anthropic Launches the World’s First ‘Hybrid Reasoning’ AI Model,https://www.wired.com/story/anthropic-world-first-hybrid-reasoning-ai-model/,"Claude 3.7, the latest model from Anthropic, can be instructed to engage in a specific amount of reasoning to solve hard problems.",67bc83c2d6d78720ab6b4f64,"Mon, 24 Feb 2025 18:43:31 +0000",No Content,"Business, AI Hub, Business / Artificial Intelligence, artificial intelligence, machine learning, ai, algorithms, Anthropic, Think Different",Will Knight,"Neural Networks, NLP",Negative,37.64,780,True,None,Engaged
Why ‘Beating China’ in AI Brings Its Own Risks,https://www.wired.com/story/why-beating-china-in-ai-brings-its-own-risks/,The US is increasingly intent on winning the AI race with China. Experts say this ignores the benefits of collaboration—and the danger of unintended consequences.,677be429b653277e84742288,"Wed, 15 Jan 2025 17:01:20 +0000",No Content,"Business, AI Hub, Business / Artificial Intelligence, China, artificial intelligence, Regulation, Donald Trump, National Affairs, AI Lab",Will Knight,"Transformers, AI Ethics",Positive,41.8,843,True,None,Not Engaged
"Botto, the Millionaire AI Artist, Is Getting a Personality",https://www.wired.com/story/botto-the-millionaire-ai-artist-is-getting-a-personality/,"Botto is a 'decentralized AI artist' whose work has fetched millions. As AI improves, its creators may give it fewer guardrails to test its emerging personality.",6758ca646e9b08fbb37d00b3,"Wed, 18 Dec 2024 17:00:00 +0000",No Content,"Business, Business / Artificial Intelligence, AI Hub, artificial intelligence, art, machine learning, robots, design, AI Lab",Will Knight,"Neural Networks, NLP",Positive,40.83,249,True,Shared,Engaged
OnlyFans Models Are Using AI Impersonators to Keep Up With Their DMs,https://www.wired.com/story/onlyfans-models-are-using-ai-impersonators-to-keep-up-with-their-dms/,AI is replacing the humans who pretend to be OnlyFans stars in online amorous messages.,675717c809854551e32a2686,"Wed, 11 Dec 2024 17:00:00 +0000",No Content,"Business, AI Hub, Business / Artificial Intelligence, artificial intelligence, machine learning, Social Media, algorithms, porn, AI Lab",Kate Knibbs,"Neural Networks, NLP",Negative,59.73,473,True,Liked,Engaged
Celsius Founder Alex Mashinsky Pleads Guilty to Fraud,https://www.wired.com/story/celsius-founder-alex-mashinsky-pleads-guilty-to-fraud-crypto-celsius/,The founder of crypto lender Celsius has admitted to lying to customers about how their money would be used and manipulating markets for his personal gain.,6750397d4833323e8d863af9,"Wed, 04 Dec 2024 14:17:25 +0000",No Content,"Business, AI Hub / Application / Blockchain/cryptocurrency, Business / Blockchain and Cryptocurrency, cryptocurrency, bitcoin, Crime, fraud, FTX Trial, Thin Ice",Joel Khalili,"Neural Networks, NLP",Positive,32.35,362,False,None,Not Engaged
The Man Behind Amazon’s Robot Army Wants Everyone to Have an AI-Powered Helper,https://www.wired.com/story/robot-army-proxie-humanoid/,Brad Porter helped Amazon deploy an army of warehouse robots. His new creation—Proxie—could help other companies embrace more automation.,673b4f07bc15c9854052e972,"Wed, 20 Nov 2024 17:00:00 +0000",No Content,"Business, AI Hub, robots, Amazon, artificial intelligence, robotics, machine learning, AI Lab",Will Knight,"Neural Networks, NLP",Neutral,33.22,664,True,None,Not Engaged
"5 Key Updates in GPT-4 Turbo, OpenAI’s Newest Model",https://www.wired.com/story/5-updates-gpt-4-turbo-openai-chatgpt-sam-altman/,"Sam Altman, CEO of OpenAI, announced a new model for ChatGPT at the company’s developer conference.",6549608467f41e54ba9a890c,"Tue, 07 Nov 2023 18:36:30 +0000",No Content,"Business, Gear, Gear / How To and Advice, Business / Artificial Intelligence, AI Hub, AI Hub / End User, artificial intelligence, how-to, ChatGPT, OpenAI, algorithms, chatbots, Chatbot Refresh",Reece Rogers,"Neural Networks, NLP",Negative,74.74,830,True,None,Not Engaged
How to Create Images With ChatGPT’s New Dall-E 3 Integration,https://www.wired.com/story/how-to-use-chatgpt-dalle-3-create-images/,"OpenAI’s new image generator is powerful and flawed. Here’s how to use the beta feature in ChatGPT Plus, and some advice for getting started.",653961b10e9278a44ba81eab,"Sat, 28 Oct 2023 11:00:00 +0000",No Content,"Gear, Gear / How To and Advice, Business, Business / Artificial Intelligence, AI Hub, artificial intelligence, how-to, OpenAI, ChatGPT, art, advice, Pixel Perfect",Reece Rogers,"Transformers, AI Ethics",Negative,70.39,9,False,None,Not Engaged
Does Using AI Make Me Lazy?,https://www.wired.com/story/does-using-ai-make-me-lazy/,"Amid heightened surveillance and fears of layoffs, many UK workers are embarrassed to admit they're using generative AI tools in the office.",65e86fbf7201811de67a372a,"Thu, 21 Sep 2023 06:00:00 +0000",No Content,"WIRED Hired, artificial intelligence, Little Helper",Megan Carnegie,"Transformers, AI Ethics",Neutral,30.88,561,True,None,Not Engaged
AI Can Give You an NPC That Remembers. It Could Also Get Your Favorite Artist Fired,https://www.wired.com/story/ai-game-design-midjourney-ethics-development/,"As game developers wrestle with the challenges and opportunities of incorporating AI tools across the industry, those same tools continue to increase in complexity.",64c82f038ca7067a92af1817,"Mon, 07 Aug 2023 12:00:00 +0000",No Content,"Business, Business / Artificial Intelligence, Culture, Culture / Video Games, AI Hub, AI Hub / Sector / Games, AI Hub / Application / Games, video games, gaming culture, artificial intelligence, Online Gaming, developers, Ubisoft, Welcome Adventurer",Fernanda Seavon,"Neural Networks, NLP",Negative,33.95,328,True,Commented,Not Engaged
Apps Are Rushing to Add AI. Is Any of It Useful?,https://www.wired.com/story/is-in-app-ai-useful/,The AI gold rush has thrust services like ChatGPT into every aspect of our digital lives. That still won’t solve your email problems.,64c44aa3c30f50376ee87757,"Fri, 04 Aug 2023 11:00:00 +0000",No Content,"Gear, Gear / How To and Advice, Business / Artificial Intelligence, AI Hub, AI Hub / End User, ChatGPT, artificial intelligence, productivity, Work, communication, Robo Call",Justin Pot,"Transformers, AI Ethics",Negative,71.94,781,False,Commented,Not Engaged
Please Stop Asking Chatbots for Love Advice,https://www.wired.com/story/please-stop-asking-chatbots-for-love-advice/,"We get it, relationships are hard. But asking ChatGPT how to do emotions is not going to work. Here are some better ideas.",64aed5ae82d37ced55dff711,"Sat, 22 Jul 2023 11:00:00 +0000",No Content,"Culture, Culture / Digital Culture, AI Hub / End User / Consumer, Gear / How To and Advice, Business / Artificial Intelligence, mental health, psychology, artificial intelligence, relationships, LoveGPT",Sarah Gundle,"Transformers, AI Ethics",Neutral,30.57,266,False,None,Engaged
How AI Can Make Gaming Better for All Players,https://www.wired.com/story/ai-make-gaming-better-accessibility/,"If used responsibly, artificial intelligence has the potential to both make gaming more accessible and to actively learn what individuals need.",649b2dd14a854832b16fd25e,"Mon, 10 Jul 2023 11:00:00 +0000",No Content,"Business, Business / Artificial Intelligence, Wired 30, AI Hub, AI Hub / Technology / Machine learning, AI Hub / Technology / Natural language processing, AI Hub / Application / Games, Culture, Culture / Video Games, Gear, artificial intelligence, video games, gaming culture, accessibility, developers, WIRED30",Geoffrey Bunting,"Neural Networks, NLP",Positive,45.1,728,True,None,Engaged
5 Uses for ChatGPT that Aren’t Fan Fiction or Cheating at School,https://www.wired.com/story/5-surprising-uses-chatgpt/,"Chatbots are great for lots of things, but these ones may be unexpected.",648220bfeb3f06fa8140cf40,"Wed, 05 Jul 2023 12:00:00 +0000",No Content,"Gear, Gear / How To and Advice, AI Hub, AI Hub / End User, Business / Artificial Intelligence, ChatGPT, artificial intelligence, learning, tips, Surprisingly Helpful",Justin Pot,"LLM, Deep Learning",Negative,56.04,859,False,Liked,Not Engaged
Generative AI in Games Will Create a Copyright Crisis,https://www.wired.com/story/video-games-ai-copyright/,Titles like AI Dungeon are already using generative AI to generate in-game content. Nobody knows who owns it.,64a43fe7d96882f74caa3fc7,"Tue, 04 Jul 2023 15:57:01 +0000",No Content,"Culture, Culture / Video Games, Business / Artificial Intelligence, AI Hub, AI Hub / Application, AI Hub / Application / Games, AI Hub / Application / Regulation, AI Hub / Sector / Games, Minecraft, video games, developers, OpenAI, ChatGPT, gaming culture, You Died",Will Bedingfield,"Transformers, AI Ethics",Negative,38.53,405,True,None,Not Engaged
How to Tackle AI—and Cheating—in the Classroom,https://www.wired.com/story/how-to-tackle-ai-and-cheating-in-schools-classroom/,"What one educator wants students, teachers, and everyone else to know about the ethics of using of AI in education.",6493912982d37ced55dff5f3,"Wed, 28 Jun 2023 12:00:00 +0000",No Content,"Business, Business / Artificial Intelligence, Gear, Gear / How To and Advice, AI Hub, AI Hub / End User, AI Hub / End User / Consumer, AI Hub / End User / Research, education, artificial intelligence, learning, STEM, ethics, TeachGPT",Christina Wyman,"Autonomous Systems, AGI",Neutral,31.28,250,False,Shared,Engaged
All the Ways ChatGPT Can Help You Land a Job,https://www.wired.com/story/chatgpt-google-bard-bing-ai-help-find-job/,"Whether you use ChatGPT, Bard, or Bing, your favorite AI chatbots can help your application stand out from the crowd.",648126ef20abe9537824f793,"Thu, 08 Jun 2023 12:00:00 +0000",No Content,"Gear, Gear / How To and Advice, Business, Business / Artificial Intelligence, Business / Tech Culture, AI Hub, AI Hub / End User, AI Hub / End User / Consumer, artificial intelligence, ChatGPT, Jobs, future of work, chatbots, Machine Earning",David Nield,"Neural Networks, NLP",Neutral,59.72,272,True,Liked,Not Engaged
I Finally Bought a ChatGPT Plus Subscription—and It’s Worth It,https://www.wired.com/story/chatgpt-plus-web-browsing-openai/,OpenAI’s new web browsing beta convinced me to upgrade my account. Here’s how to access it and make the most of the paid tier.,64633d71c3f2cf2daf39fa61,"Fri, 19 May 2023 11:00:00 +0000",No Content,"Gear, Gear / How To and Advice, AI Hub, AI Hub / End User, AI Hub / Application, AI Hub / Application / Personal assistant, AI Hub / Application / Personal services, AI Hub / Application / Text generation, AI Hub / End User / Consumer, Business, Business / Artificial Intelligence, artificial intelligence, chatbots, OpenAI, ChatGPT, websites, search engines, subscriptions, Clicking Around",Reece Rogers,"Autonomous Systems, AGI",Negative,53.75,923,True,Shared,Not Engaged
6 Tips for Using ChatGPT to Brainstorm Better,https://www.wired.com/story/how-to-use-chatgpt-brainstorm-ai/,Artificial intelligence can be a font of inspiration. Here’s how to use OpenAI’s AI chatbot the next time you’re spitballing ideas.,6439c96064e2a2ec42a8959e,"Thu, 27 Apr 2023 12:00:00 +0000",No Content,"Business, Business / Artificial Intelligence, Gear / How To and Advice, AI Hub, AI Hub / End User, Gear, ChatGPT, productivity, how-to, artificial intelligence, OpenAI, chatbots, Think Big",Reece Rogers,"Transformers, AI Ethics",Positive,78.74,760,False,Commented,Not Engaged
